<?xml version="1.0" encoding="UTF-8"?><metadata>
    <idinfo>
        <citation>
            <citeinfo>
                <title>Counties</title>
                <geoform>vector digital data</geoform>
            </citeinfo>
        </citation>
        <descript>
            <abstract>This dataset reflects the most current version of Utah county boundaries plus modifications made to correct known issues along the Davis-Weber and Duchesne-Uintah county boundaries. (20111108) and boundary agreement (certified 20120612) between Juab and Millard Counties. And an adjustment between Morgan and Summit Counties (4/3/2013). Minor adjustments were made to align with the Newest PLSS-GCDB layers from BLM (CadNSDIv2), any where from 10 to 50 feet all in non-populated areas (7/18/2014). Minor adjustment between Davis and Weber County (20201105)Data is current through Nov. 15, 2021; Population Figures from 2020 Census. Population Estimates are Null until we get a 2021 update.</abstract>
            <purpose>This data set represents county boundaries.</purpose>
        </descript>
        <spdom>
            <bounding>
                <westbc>-114.276444</westbc>
                <eastbc>-108.899225</eastbc>
                <northbc>42.034185</northbc>
                <southbc>36.959686</southbc>
            </bounding>
        </spdom>
        <keywords>
            <theme>
                <themekt>None</themekt>
                <themekey>SGID</themekey>
                <themekey>Counties</themekey>
                <themekey>Boundaries</themekey>
                <themekey>UGRC</themekey>
            </theme>
        </keywords>
        <accconst>None</accconst>
        <useconst/>
        <datacred>AGRC, BLM</datacred>
        <native>Esri ArcGIS 12.7.3.26828</native>
    </idinfo>
    <spdoinfo>
        <direct>Vector</direct>
        <ptvctinf>
            <sdtsterm>
                <sdtstype>GT-polygon composed of chains</sdtstype>
                <ptvctcnt>0</ptvctcnt>
            </sdtsterm>
        </ptvctinf>
    </spdoinfo>
    <eainfo>
        <detailed>
            <enttyp>
                <enttypl>Counties</enttypl>
            </enttyp>
            <attr>
                <attrlabl>OBJECTID</attrlabl>
                <attrdef>Internal feature number.</attrdef>
                <attrdefs>Esri</attrdefs>
                <attrdomv>
                                        
                    <udom>Sequential unique whole numbers that are automatically generated.</udom>
                                    
                </attrdomv>
            </attr>
            <attr>
                <attrlabl>COUNTYNBR</attrlabl>
            </attr>
            <attr>
                <attrlabl>ENTITYNBR</attrlabl>
            </attr>
            <attr>
                <attrlabl>ENTITYYR</attrlabl>
            </attr>
            <attr>
                <attrlabl>NAME</attrlabl>
            </attr>
            <attr>
                <attrlabl>FIPS</attrlabl>
            </attr>
            <attr>
                <attrlabl>STATEPLANE</attrlabl>
            </attr>
            <attr>
                <attrlabl>POP_LASTCENSUS</attrlabl>
            </attr>
            <attr>
                <attrlabl>POP_CURRESTIMATE</attrlabl>
            </attr>
            <attr>
                <attrlabl>GlobalID</attrlabl>
            </attr>
            <attr>
                <attrlabl>FIPS_STR</attrlabl>
            </attr>
            <attr>
                <attrlabl>COLOR4</attrlabl>
            </attr>
            <attr>
                <attrlabl>Shape</attrlabl>
                <attrdef>Feature geometry.</attrdef>
                <attrdefs>Esri</attrdefs>
                <attrdomv>
                                        
                    <udom>Coordinates defining the features.</udom>
                                    
                </attrdomv>
            </attr>
            <attr>
                <attrlabl>Shape_Length</attrlabl>
                <attrdef>Length of feature in internal units.</attrdef>
                <attrdefs>Esri</attrdefs>
                <attrdomv>
                                        
                    <udom>Positive real numbers that are automatically generated.</udom>
                                    
                </attrdomv>
            </attr>
            <attr>
                <attrlabl>Shape_Area</attrlabl>
                <attrdef>Area of feature in internal units squared.</attrdef>
                <attrdefs>Esri</attrdefs>
                <attrdomv>
                                        
                    <udom>Positive real numbers that are automatically generated.</udom>
                                    
                </attrdomv>
            </attr>
        </detailed>
    </eainfo>
    <metainfo>
        <metd>20211119</metd>
        <metstdn>FGDC Content Standard for Digital Geospatial Metadata</metstdn>
        <metstdv>FGDC-STD-001-1998</metstdv>
        <mettc>local time</mettc>
    </metainfo>
</metadata>
