<?xml version="1.0" encoding="UTF-8"?><metadata>
    <idinfo>
        <citation>
            <citeinfo>
                <title>HealthCareFacilities</title>
                <geoform>vector digital data</geoform>
            </citeinfo>
        </citation>
        <descript>
            <abstract>View metadata: https://goo.gl/XLg8Gf</abstract>
            <purpose>Locations of health care facilities in Utah.</purpose>
        </descript>
        <keywords>
            <theme>
                <themekt>None</themekt>
                <themekey>Hospitals</themekey>
                <themekey>Nursing Homes</themekey>
                <themekey>Assisted Living Facilities</themekey>
                <themekey>Urgent Care</themekey>
                <themekey>SGID</themekey>
                <themekey>Health</themekey>
                <themekey>UGRC</themekey>
            </theme>
        </keywords>
        <accconst>None</accconst>
        <useconst>The data, including but not limited to geographic data, tabular data, and analytical data, are provided &amp;quot;as is&amp;quot; and &amp;quot;as available&amp;quot;, with no guarantees relating to the availability, completeness, or accuracy of data, and without any express or implied warranties. These data are provided as a public service for informational purposes only. You are solely responsible for obtaining the proper evaluation of a location and associated data by a qualified professional. UGRC reserves the right to change, revise, suspend or discontinue published data and services without notice at any time. Neither UGRC nor the State of Utah are responsible for any misuse or misrepresentation of the data. UGRC and the State of Utah are not obligated to provide you with any maintenance or support. The user assumes the entire risk as to the quality and performance of the data. You agree to hold the State of Utah harmless for any claims, liability, costs, and damages relating to your use of the data. You agree that your sole remedy for any dissatisfaction or claims is to discontinue use of the data.This work is licensed under a Creative Commons Attribution 4.0 International License.</useconst>
        <native> Version 6.2 (Build 9200) ; Esri ArcGIS 10.5.1.7333</native>
    </idinfo>
    <spdoinfo>
        <direct>Vector</direct>
        <ptvctinf>
            <sdtsterm>
                <sdtstype>Entity point</sdtstype>
                <ptvctcnt>0</ptvctcnt>
            </sdtsterm>
        </ptvctinf>
    </spdoinfo>
    <eainfo>
        <detailed>
            <enttyp>
                <enttypl>HealthCareFacilities</enttypl>
            </enttyp>
            <attr>
                <attrlabl>OBJECTID</attrlabl>
                <attrdef>Internal feature number.</attrdef>
                <attrdefs>Esri</attrdefs>
                <attrdomv>
                                        
                    
                    <udom>Sequential unique whole numbers that are automatically generated.</udom>
                                        
                
                </attrdomv>
            </attr>
            <attr>
                <attrlabl>Shape</attrlabl>
                <attrdef>Feature geometry.</attrdef>
                <attrdefs>Esri</attrdefs>
                <attrdomv>
                                        
                    
                    <udom>Coordinates defining the features.</udom>
                                        
                
                </attrdomv>
            </attr>
            <attr>
                <attrlabl>FACTYPE</attrlabl>
            </attr>
            <attr>
                <attrlabl>FACILITY_ID</attrlabl>
            </attr>
            <attr>
                <attrlabl>FACID</attrlabl>
            </attr>
            <attr>
                <attrlabl>NAME</attrlabl>
            </attr>
            <attr>
                <attrlabl>ADDRESS</attrlabl>
            </attr>
            <attr>
                <attrlabl>CITY</attrlabl>
            </attr>
            <attr>
                <attrlabl>ZIP</attrlabl>
            </attr>
            <attr>
                <attrlabl>TELEPHONE</attrlabl>
            </attr>
            <attr>
                <attrlabl>TYPE</attrlabl>
            </attr>
            <attr>
                <attrlabl>COUNTY</attrlabl>
            </attr>
            <attr>
                <attrlabl>TELEHEALTH</attrlabl>
            </attr>
            <attr>
                <attrlabl>FUNCTIONAL_CATEGORY</attrlabl>
            </attr>
        </detailed>
    </eainfo>
    <metainfo>
        <metd>20191023</metd>
        <metstdn>FGDC Content Standard for Digital Geospatial Metadata</metstdn>
        <metstdv>FGDC-STD-001-1998</metstdv>
        <mettc>local time</mettc>
    </metainfo>
</metadata>
